{"credencial":"41562104","dia":"20 de Octubre de 2022","hora":"23:02hs.","profesion":"ondodoncia","profesional":"Soledad Rodriguez"}, 
{"credencial":"47493502","dia":"20 de Octubre de 2022","hora":"23:06hs.","profesion":"general","profesional":"Facundo García"}, 
{"credencial":"37296731","dia":"20 de Octubre de 2022","hora":"23:07hs.","profesion":"radiografias","profesional":"Carlos Pereyra"}, 
{"credencial":"20563715","dia":"20 de Octubre de 2022","hora":"23:08hs.","profesion":"ondodoncia","profesional":"Soledad Rodriguez"}]}